0	GTCACGCTTCTGCATACCATCCTGACTACTCGTGGCGAATACGGTTCGTCTCAGAACATTGACGAGTAGGACCTCCATGTACACGTGAGTTCGCCAGTAGAGGGCAGAACTAGAGGCCCGAGCTCGTTACCCAGTATATGTACTCGGCACACACTGGGATATAATACTACACGGGATACTAATAGTGGCATATCACGCCG	0	0	0	0	0	0	0	0	0	0.0383	0	-0	-0.00197	-0	0	0	-0	-0.0464	-0	-0	-0	0	0	-0.0308	-0	-0.039	-0	-0	-0	-0	-0.0914	-0	-0	-0	-0.0154	-0	-0	-0.0405	0	-0	-0	-0	0.00878	-0	-0	0	-0	-0.0446	0	-0.0719	-0	0	-0.0271	-0	0	-0	-0	0	-0.022	0	-0.0352	-0	0	-0	0	-0.068	0	0	-0	-0.176	0	-0	-0.2	-0	-0	-0	-0	-0	-0.0546	-0	-0	-0.19	0	-0	-0	-0.0612	-0	-0	-0	-0	0.126	-0	-0	-0	-0	-0.0261	-0.0811	0	-0	0	-0	-0.028	-0	-0	-0	0	-0.0214	-0	-0.365	-0	0	-0	-0	0.0439	-0	-0	-0	-0	1.12	-0	0	-0.189	-0	-0	-0	0	-0	0.406	-0	0	0.0949	-0	-0	0	-0	0.575	0	-0	-0	0.283	-0	0.475	-0	0	-0	-0	0	0.00834	1.11	-0	-0	-0	-0.574	-0	-0	0	0	-0	-0.0321	-0	-0.219	-0	-0	0	-0	-0.347	-0	0	-0	-0	-0	-0.236	-0	0	-0	-0.148	0	-0	-0.25	-0	-0	-0	-0.267	-0	-0	-0.251	-0	-0	-0	-0	-0	-0.0586	0	-0	0.0422	0	-0	-0.0858	-0	-0	-0	-0	-0.0259	-0	-0	0.0153	-0	-0	-0.0567	-0	0	-0	-0	0	0	-0.0475	0.109	0	-0	-0	0.0133	-0	0	0	-0	-0.00368	-0	0	-0.00871	-0	0	-0	0	0	0.0115	-0	-0	-0	-0.0139	-0	-0	0	0	-0.0327	-0.0142	0	-0	-0	0	-0.16	-0	-0	-0	-0	0	-0.195	-0.0269	-0	-0	-0	0	0	-0	0.0622	0	-0	-0.0356	-0	-0.124	-0	0	0	0	-0	-0	-0.141	-0	-0	-0	-0.102	0.0135	0	-0	0	0	-0.0751	0	0	-0	-0.113	0	-0	0	0	0.0221	0	-0	0.0137	-0	-0	-0	-0.117	0	-0	-0.138	-0	0	-0	-0	-0	-0.118	-0	0	-0	0	-0.0853	-0	-0	-0.344	-0	-0.314	-0	-0	-0	-0	-0.135	-0	-0	-0.53	-0	-0	-0	-0	-0.52	-0	-0	-0	-0	-0	-0.483	0	0	-0.0111	0	-0	-0	-0	-0.946	-0.907	-0	-0	-0	-0	-0	-0	-1.05	-0	-0	-1.13	-0	-0	-0	1.94	-0	-0	0.391	-0	-0	-0	-0	-0	1.59	-0	1.06	-0	-0	-0	1.97	-0	-0	0.432	-0	-0	-0	-0	-0	-0	0.425	-0	-0	1.99	-0	1.95	-0	-0	-0	-0	-0	-0	1.13	0.392	-0	-0	-0	-0	-0	-0	1.03	-0	-0	-0	1.71	-0	-0	-0	1.09	-0	0.536	-0	-0	2.09	-0	-0	-0	-0	-0	-0	0.229	0.984	-0	-0	-0	0.133	-0	-0	-0	-0	-0.61	-0	-0	-0	-0	-0.783	-0	-0.597	-0	-0	-0	0	-0	-0	-0.418	-0.526	-0	-0	-0	0	-0	-0	-0.35	-0	-0	-0	-0.386	-0	-0.268	-0	-0	0	-0.0426	0	0	-0	-0.202	-0	-0	-0	-0	-0	-0.221	-0.14	-0	-0	-0	-0	-0	-0	-0.064	0	-0.0439	-0	-0	0	0	-0.00584	-0	-0	-0.149	-0	-0	0	0	-0	0.00491	-0	-0	-0.0485	-0	-0	-0	0.0445	0	-0.045	-0	0	-0	0	-0.0742	-0	-0	-0	0.0298	0	0	0	0.0393	-0	-0	-0.0796	-0	-0	-0	0	0	0	-0.12	-0	-0	0.00309	-0	0.0849	0	-0	-0	-0	-0	-0.0162	-0	-0.124	-0	-0	-0	-0	0	-0.0591	-0	0	-0	-0	-0.102	-0	0	-0.000612	-0	-0.00224	0	-0	-0	-0	-0.208	-0	-0	0	0	-0.0266	-0	-0	-0.169	0	0	0	-0	0	-0.0117	-0	0	0	-0.0676	-0	-0.0414	-0	0	-0.113	0	0	-0	0	-0.202	-0	-0	-0.0333	0	-0	0	-0	0.092	-0	-0	-0.0957	-0	-0	0	0	-0.0186	0	-0	-0	-0	-0.119	0	0	0	-0	-0.0281	-0	0	-0	-0.0324	-0	-0	0	0.00169	-0.129	0	0	-0	0	-0	-0.126	-0	-0.0124	-0	0	-0	0	0	-0.12	0	-0.0643	-0	0	-0	-0.139	-0	-0	-0	-0	-0	0.0334	-0	-0.109	-0	0	-0	0	-0.118	-0	-0	-0	0	-0.0779	-0	-0.222	-0	-0	-0	-0	-0.285	-0	-0	0.103	0	0	0	-0	-0.162	-0	-0	0	0	0	0.119	-0	-0	0	-0.183	0	0	0	0.0689	-0.0987	-0	0	-0	0	0	-0.0776	0	-0.0533	0	0	-0	0	-0.23	-0	0	-0	0	0.0463	-0	0.0945	0	-0	0	-0.0851	-0	0	0	0	0	-0.124	-0	-0.174	-0	0	0	-0	0	-0	-0.206	-0	-0	-0.0443	-0	-0	-0	-0	-0.0576	-0	0	0	-0.0734	0	-0.00906	-0	-0	-0.132	0	0	0	0	-0	-0.0608	-0	0.0556	0	0	0	0	0	-0.0234	-0	-0	-0.021	-0	0	-0.0538	-0	-0	-0	-0	-0.0324	-0	0	-0	0	-0	-0.00854	0	0	0	0	0	0	0	0	0	0	0	0
1	ATCCCTCTAACAAGTTGTTTTGACGGACCGTATTTCCAAATGTGCTCGGCTTCAGAAACAACCTTTCTGCCCTCTACTGGCGACGTCACAACGACGACAACAGACCATATGGAGTGGACCCTACTCATGTAATTGAGACCGTCGCATGTAGTTGATTTATGTAAACATATGGCTCTAGTTTCAGGCCCCTGTAAAGGTAA	-0.000123	0	-0	-0	0	0	0.00163	0	0	-0.00293	0	0	-0	-0.00416	-0	-0	0	0.00617	0	-0	-0	-0	-0.00448	0	-0	-0.00348	-0	-0	0	-0	0.0337	-0	0.017	-0	-0	0	0.0121	0	-0	-0	0	0.00208	0	0	0.0463	0	0	0	-0.00532	0	0	-0	0	0	-0	0.0182	0	0	-0.0227	0	-0	-0	0.000324	0	0	0	0	-0.0312	0	0	-0.00147	-0	-0	-0	-0.0446	-0	-0	0	-0.022	-0	0	-0	-0.0273	0	-0	-0	0	-0.0504	-0.0569	0	-0	-0	0	-0.0742	0	0	-0	-0	0	-0.0322	-0	-0	-0	-0.0354	-0.0419	-0	0	-0	-0	-0.077	0	-0	-0	-0.0879	0	-0	0	0	-0	-0.0666	0	-0	0.0407	0	-0.0909	-0	0	-0	0	0	-0.0334	-0	-0	-0	-0.047	-0	0	0	0.0242	0	-0	-0.0307	-0	-0	-0	0.0314	0	-0	0.0442	0	-0	-0	-0.103	-0	0	-0	-0.0602	-0	0	-0	-0	-0	-0.0214	-0	-0	-0	0	-0.00291	-0	0	-0.0671	-0	-0	0	-0	-0.0427	0	-0.0466	-0	-0	-0	0	0.0638	-0	-0	-0.0015	0	0	-0	-0	-0	-0.0292	0	-0	-0	-0.0513	-0	-0.0219	-0	0	-0	-0	0.0232	-0	-0	-0	-0.0397	0	-0	-0.0373	0	-0	-0.0187	0	-0	-0	-0	-0	-0	-0.0293	0.0964	0	-0	-0	-0.195	-0	-0	-0	-0.303	-0	-0	-0	-0	-0.195	-0	-0	-0.279	-0	-0	-0	-0.4	-0	0	-0	-0	-0.241	-0	-0	0	0.206	-0	0	-0	-0	-0.591	-0	-0	-0	0.233	-0	-0	-0	0.211	-0	-0	0.0884	-0	-0	-0	-0	1.28	-0	-0	-0	-0	0.135	-0	1.08	-0	0	-0	0.581	-0	-0	-0	0.976	-0	-0	-0	-0	0.289	-0	-0	0.762	-0	-0	-0	-0	1.25	-0	1.15	-0	-0	-0	-0	0.509	-0	0	-0	-0	0.283	-0	-0	-0	-0	1.04	-0	-0	-0	0.784	-0	0.587	-0	-0	-0	-0	-0	0.426	1.21	-0	-0	-0	-0	-0.491	-0	-0	0	-0	-0	-0.596	-0	-0	-0.576	0	-0	-0.398	-0	0	-0.398	-0	-0	-0	-0	-0.0837	-0	0	0.213	-0	-0	-0	-0.181	-0	-0	-0	-0	-0.293	-0	-0	-0	-0	-0	-0.123	0.0639	-0	0	0	-0	-0.0578	-0	-0	-0	-0	-0	-0.154	0.00868	-0	0	-0	-0	-0.0229	0	0	-0.029	-0	-0	-0	-0.00682	0	-0	-0	0	-0.055	-0	-0	-0.0969	0	-0	-0	-0	-0	-0	-0.0249	0.00383	0	-0	-0	0	0.0543	0	-0	-0	-0.0854	-0	0	-0.0271	-0	-0	-0	0	-0	0.0202	0	-0.0266	0	0	0	0	0	-0.0292	-0	-0	-0	0	0.0126	0	0	0	-0.0407	-0.00283	0	-0	-0	-0	-0	-0	-0.0226	0	0	-0.0162	-0	-0	-0	0	0.0553	-0	0	-0	-0.00389	0.029	0	-0	0	0	-0.0238	0	0	-0	0.0227	-0	0	0	-0.0593	-0	-0	0	0	0.011	0	0.00665	0	0	0	0	0.00732	0	-0	0	0	-0.0217	-0	0	0.00575	-0	-0	-0.0621	-0	-0	-0	-0	-0	-0.0558	-0	-0	-0	-0	-0.00433	-0	-0	-0.0214	-0	-0.0225	-0	0	0	-0.00138	0	-0	-0	0	-0	0.0195	0	0	0	0.0136	-0	-0	-0	0	-0.00249	-0.000612	0	0	-0	-0	-0	0	-0.00112	0.00793	0	0	0	-0	0.0448	0	-0	-0	-0.0245	-0	-0	-0	-0	-0	-0.025	-0	-0	-0.012	0	-0	-0.0084	-0	-0	-0	0	0	0.0223	0	-0.0619	-0	-0	0.00264	-0	-0	-0	-0	-0	-0.0304	-0	-0	-0	-0	0.0203	-0	-0	0.0167	0	0.00776	0	0	-0	0	0	-0	0.0456	0	-0	-0.0157	-0	-0	-0	-0.0267	-0	-0	-0	-0	-0.031	0.0355	-0	0	-0	-0	0	0.00851	0	-0	0	0.0266	0	-0	-0	0.000326	-0	0.00297	-0	-0	-0	-0	0	-0.0145	-0	-0	-0	-0	-0.0585	0	-0	-0.00409	0	-0.0321	0	0	-0	0.0151	-0	0	0	-0.0445	-0	-0	-0	-0	-0.0488	-0	-0	-0.101	-0	-0	-0	0	0	-0.064	-0	-0.105	-0	0	-0	-0	-0	-0.0105	0	-0	0	0	-0.0241	0	-0	-0	-0.00756	-0	-0.0416	0	-0	-0	-0	-0.00825	-0	-0	-0.0719	0	-0	0	0	-0.0726	-0	-0.0263	-0	0	-0	-0	-0	0	-0.069	0	0	0.0192	0	0	-0	-0.0559	-0	-0	0	-0.00538	0	0	-0.111	-0	0	-0.0678	0	-0	-0	0	0	0	-0.0467	-0	-0	0	0.0197	0	0.00909	-0	-0	-0	-0.121	-0	0	-0	0.0239	-0	-0	-0	-0.00189	-0	-0	0	-0	0.00514	-0	0	0	-0	-0.0586	-0	0	0.00342	-0	-0.0574	-0	-0	0	-0.0212	-0	-0	-0	0.00313	-0	-0	0	0	0	-0	-0.0241	-0	0	-0	0.00841	0	0	0	0	0	0	0	0	0	0	0	0
2	TTACATAGGTTCCTTCACGTCACTCCTTGTCCGCGATATCTCCTCTTACCCTTACTACCAAGCGTTTCCTGAAAGGCAATGAAAAGTTGCCATGCGCTGTCGCCAGTAGAGGGCAGAATACCAAGGCGCTTCAGACAACTGTCGCTGTTCGTGGGTGGGAGGGATTGTATCTATAATATAGGATAGTTCGTATCGAAAAA	0	0	0	0	0	-0	0.00191	0	0.00231	0	-0	-0	0	0.0108	0	0	0.0161	0	0	0	0	0	0.00621	0	0.00859	0	0	0	0	0	-0	0.023	0	0	0	0.000974	0	0	0.00755	0	0	-0	0.0079	0	0	-0.00031	-0	0	0	0.0124	-0	0	0	0	-0.0105	-0	-0	0	0.0181	0	0	-0.00191	-0	-0	0.0251	0	-0	0	0	-0.000564	0	0	0	0	0	0.0267	0	0	-0.00395	0	0	0.0128	-0	0	0.0397	0	0	0	0	-0.000801	0	0	-0	0	0.00324	-0	0	0.0232	-0	-0	0	0.00638	0	-0	0	0	0.0149	0	0	0	0.0294	0	0	0	-0	0.0275	0	0	0.00702	0	0	-0.0274	-0	0	0	0.023	0	0	0	0	0	0.0257	0	0.0354	0	-0	0	0	0	-0.00665	0.0116	-0	-0	0	0	0	0.0187	0	0.0104	0	-0	0	0	0	0.017	-0	0	0.0165	-0	0	0	-0	0.0282	0	-0	0.0323	-0	0	0	0.0419	0	0	-0	-0	0.00833	0	-0	-0.00603	-0	0	0	0	0.0221	-0	0	0	0.0203	0	0.0137	0	0	0	-0	-9.61e-05	-0	0	0	0.0141	0	-0	0	0.0376	0	0	-0	0	0.0241	0	0	0	-0.00664	0	0.00649	0	0	0	0	0.0147	-0	0	-0	0	0.0397	0	0.00364	-0	-0	0	0	0.0503	0	-0	0	0.00695	-0	0	-0.0186	0	0	0	-0.00606	0	-0	-0	0	-0	0	0.0744	-0	0.00476	0	-0	0	0	-0	0.037	-0	-0	0.0146	-0	-0	-0	0.00453	0	-0	-0	0.0273	-0	0	0.0304	-0	0	0	0.0107	0	-0	0	0	0.0298	0	-0	0	-0	0.00923	0.0286	-0	-0	0	0.0317	0	0	-0	0.0175	0	-0	0	-0	0	0	0.0309	0	-0	0	-0.0054	-0	0.035	-0	0	0.0202	-0	0	-0	-0.00744	-0	-0	-0	0	0	0.0187	-0	-0	0	-0	0.0018	0.0208	0	0	-0	-0.00592	0	0	0	0.00317	-0	-0	0	-0.00756	-0	-0	-0	-0	-0	-0	-0.00212	-0	-0	-0.00399	-0	-0	-0	0.0283	0	-0	-0	-0	-0.0525	-0	-0.0555	-0	-0	-0	-0.0449	0	-0	-0.0656	-0	-0	-0	-0	-0	0.0834	-0	-0	-0	-0	-0.0715	-0	0.0731	0	0	-0	-0	-0	-0.154	-0	0.0772	0	-0	-0	-0	0.0117	-0	-0	-0	-0	-0.128	-0	-0	0.446	-0	-0	0.0283	-0	-0	-0	0	-0	0.309	-0	0.159	-0	-0	-0	0.391	-0	-0	0.00756	-0	-0	-0	-0	-0	-0	0.15	-0	-0	0.359	-0	0.412	-0	-0	-0	-0	-0	-0	0.213	0.116	-0	-0	-0	-0	-0	-0	0.228	-0	-0	-0	0.313	-0	-0	-0	0.232	-0	0.0925	-0	-0	0.459	-0	-0	-0	-0	-0	-0	0.0891	0.195	-0	-0	-0	0.00868	-0	-0	-0	-0	-0	-0.09	0	-0.191	-0	-0	-0	-0	-0.0293	-0	-0	0	-0.0623	-0	-0	-0.128	-0	-0	-0	0.0207	-0	-0	-0	-0	-0	-0	-0.0443	-0	-0	-0	-0.0145	-0	0.0184	-0	-0	-0	-0	-0	0.0137	-0	-0.0519	-0	-0	0	0	0.00925	0	0	0	0.00621	0	-0	0.0409	-0	-0	0.0192	-0	0	0	-0	-0	0	0.0251	0.0173	0	-0	0	0	0.0238	0	0	-0.00622	0	0	-0	0.0176	-0	0	-0	-0	0.0271	-0	0	0	0	-0.0116	-0	-0	0	0	0.0113	0	0	0.0192	0	-0	-0.00226	0	0	0	0	-0	0.0407	0	0.0251	-0	-0	0	-0	0.0115	0	-0	-0	0	0.0207	0	0	0.000408	-0	0	-0	0.0334	0	0	0.0372	0	0	-0	-0	-0	0.0159	0	0	-0.0297	-0	0	0	0	-0.0178	0	-0	-0	-0.0101	-0	0	0	0.0421	0	-0	-0.0257	-0	0	0	0	0.0426	-0	-0	0	0.0244	-0	-0	-0	0.0593	0.0267	0	-0	-0	0	0	0	0.0381	-0	0	0	-0.00919	-0	0	-0	0.000795	0.0211	-0	0	0	0	0	0.0235	0	-0	-0	-6.38e-05	0	-0	-0	-0	-0.00502	0	0	0.0172	-0	0.0305	0	0	0	-0	0	0.00474	-0	0	-0.0146	-0	0	-0	0	0.0332	0	0.00489	-0	0	0	-0	0	-0.0144	0	0.0423	0	-0	-0	-0.0126	0	0	0	0	0	0.00808	-0	-0.00292	-0	-0	-0	0	0	0.00287	-0	-0.00172	0	0	0	-0	-0	0	-0.0141	0	-0	-0	-0.00273	-0.00548	0	0	-0	-0	0	-0.000813	0	0.0153	-0	-0	-0	-0	0	0	-0.00457	-0	-0	-0.00347	-0	-0	-0	0.00552	0	0	-0.00318	-0	-0	-0	0	0	0.00149	-0	-0	-0.00261	0	-0.00299	-0	-0	-0	-0	-0	-0.00436	0	-0	0.00259	-0	-0	-0	0	0	0.000172	0.00015	-0	0	-0	0	0	0	0	0	0	0	0	0	0	0	0	0	0	0	0
3	TTATCGACCGCCACTTTCTCGCCAGTAGAGGGCAGAACCACAAAGTGACTCCCCGAGCAATGGCTGACCTACTAGTTATCCGGCATCACATCGGCACATATACGGGCGAGACCGAGCCCTCTCCGTAACCACCAGTCCCACTACTTCACAGGCATATCCTGTATCAATGAAATCACAAACGTTCGCATGAAGATAATCGT	0	0	0	0	0	0	0	0	0.00115	-0	0	0	-0	-0	-0.00219	-0	0	0.00449	-0	0	0	0	0	0.00137	0.022	0	0	0	-0	-0.104	-0	-0	-0	-0.107	-0	-0	-0	-0	0	-0.0849	-0	-0.0321	-0	-0	-0	-0.129	0	-0	-0.162	-0	-0	-0	-0	0.0893	0	0	-0	-0	-0.161	-0	-0	0	0.0392	-0	-0	-0	-0.038	-0	-0	0.00671	-0	-0	-0	-0	0.462	-0	-0	0.116	-0	-0	-0	0	-0	0.335	-0	0.219	-0	-0	-0	0.412	-0	-0	0.074	-0	-0	-0	-0	0	-0	0.137	-0	-0	0.439	-0	0.442	-0	-0	-0	-0	-0	-0	0.248	0.108	-0	-0	-0	-0	-0	-0	0.258	-0	-0	-0	0.298	-0	-0	-0	0.191	-0	0.129	-0	-0	0.424	-0	-0	-0	-0	-0	-0	0.0435	0.148	-0	-0	-0	0.00844	-0	-0	-0	-0	-0.0453	-0	0	-0	-0.0833	-0	-0	-0.0969	-0	-0	-0	0	-0.00442	-0	-0	-0.106	-0	-0	-0	-0.0292	-0	-0	-0	-0.0335	-0	-0	-0	-0	-0	-0	0.0178	0	0	0.0597	0	-0	-0	-0	0.0146	0.00107	0	-0	0	0	0.0373	0	0	-0	-0	0.024	-0	0	0.0389	0	0	-0	-9.47e-05	0	0	0	0.0273	-0	0	0	0.0424	0	0	-0	-0	0	0.0334	0.00698	0	-0	-0	0	0	-0	0.0249	-0	-0.0018	0	0	-0.00691	-0	0	0	0.0262	0	-0	-0	0	0	0.0135	-0	0	-0	0	0.0607	-0	-0	-0	0.0331	0	0.0476	-0	-0	-0	-0	0.0328	-0	-0	0	0	0.0323	0.0227	-0	-0	-0	0	0.0089	-0	0	0	0.0497	0	-0	-0	-0	0.0165	0	-0.0016	-0	-0	0	0	0.0465	0	-0	0	0	0.0258	0	0.000977	-0	0	0	-0	-0	0	0.0307	0	-0	-0.0026	-0	-0	0	0.015	-0	0.0224	-0	0	0	-0	-0	0.0178	0	0	0.0253	-0	0	0	0.0319	-0	-0	0	0	0	0.0167	-0	-0	0	0.00326	-0	0.0409	-0	-0	0.00428	-0	-0	-0	-0	-0	-0.0374	-0	-0	0.00514	-0	-0	0.014	0	-0	0	-0	0.0398	0	-0	0.00299	0	0	-0	-0	-0	0.0179	0	0	0.0239	-0	-0	-0	0	0	0.0194	-0	-0	-0	0.0033	-0	-0.0284	-0	0	-0.0123	0	-0	-0	-0	0.088	0	0	0.0131	0	-0	-0	-0	-0	0.000706	0	-0.0117	0	-0	-0	-0	-0	-0.00806	0	0.0178	-0	-0	-0	-0	0.0139	-0	-0	-0	-0	0	-0.00662	0	-0	-0	0.0396	-0	-0	-0	0.0523	0	0.0487	-0	-0	0	-0	-0	0.0455	0.0218	-0	-0	-0	-0	0	0	0.0247	0.0426	-0	-0	0	0	0.0408	0	-0	-0	-0.0306	0	0	-0	-0	-0	0.00195	0.0311	0	-0	-0	0	0	-0	0.0293	0	0.0403	0	-0	-0	-0.0278	0	0	-0	0.0217	-0	0	-0	-0	0.00218	0	0	-0.0122	-0	0	-0	-0	0.0104	-0	-0	-0.0179	-0	0	0	0.0413	0	-0	0	-0	-0	-0.0219	-0	-0	0.0246	0	0.0142	0	0	-0	-0.00569	0	-0	0	0	0.0214	0	0	0	0.00286	0	0	0.0198	0	-0	-0	-0	0.0364	0	0	0	-0.003	0	0	-0.00467	0	0	0	0	-0	-0	0.0156	-0	-0	0.0324	0	0	0.0362	0	0	0	0.00772	-0	0	0	0.0231	-0	-0	0.00122	-0	-0	0	-0	0.00949	0	-0	0	0	0.0217	0	0.022	0	0	0	0	0.0269	-0	0	-0	0	-0.00764	-0	0	-0	0.0253	0	-0	0.0312	-0	-0	0.0176	0	-0	0	0	0.0052	-0	0	0.023	0	0	0	-0	-0	0	0.0141	0	0	-0	0.0209	0	0.0192	0	-0	0.00783	-0	0	0	-0	-0	0.0278	-0	0.0107	0	-0	-0	0	0	0.0224	0	0	0.00854	-0	0	0	0.0137	0	0	0	0	0.0116	0	0	0	-0	0.0276	0	0	-0.00397	-0	-0.00801	-0	-0	0	0	-0	0.0252	0	-0	0.0312	0	0	-0.00123	-0	0	-0	0.00825	-0	-0	0	0	0	-0.00241	-0	-0	0	-0	0.0151	0.00568	-0	0	-0	0.0123	-0	0	-0	-0.00711	-0	-0	0	0	-0	-0.000363	0	-0	0.0235	0	-0	-0.00201	-0	0	0	0	-0.00481	0	0	0.00569	0	-0	-0	0.0106	0	0	0	-0.00713	0	0	-0	0	-0.00306	-0	-0	0	0	0	0.000389	-0	-0	0.00246	0	-0	-0	0.00446	0	-0	-0.0187	-0	-0	0	-0	-0	-0.00624	-0	0.0114	0	-0	0.00584	-0	-0	0	0	0	0.00134	-0	0	0	0	-0.0081	-0.00841	-0	-0	0	-0.00113	-0	-0	-0	0	-0	-0	-0.0014	-0.00277	0	0	0	-0	-0	-0.00279	0	-0.00436	-0	-0	-0	-0.00086	-0	-0	0	-0	0	-0.000895	-0	0	0	0	0	0	0	0	0	0	0	0	0
4	GACGGCACATTTTAACGGCCCAGGTTGGCAGACAGGAAATCTACGATGGTGCTACTGCTTTCCCGAGCTCTGCCACGATGCCACACAGCACAATTCTGCCCTCTACTGGCGATCACCTCGAATAAAACCGAATGCAAGACCGAGTAACAGCGGCTGGTAACATGCGGGAGGACGCGCTTTCCGCAAGTATATTAATAGGT	0	0	0	0	0	0	0	0	0	0.0346	0	-0	0	-0	0	0.0237	-0	-0	-0	-0.0687	-0	-0.0426	0	0	-0.0345	-0	-0	-0	-0	-0.0267	-0	-0	-0.0529	-0	-0	-0	0	-0	-0.0346	-0	-0	-0	0.00573	-0	0	0	-0.0638	-0	0	0	0.0531	0	-0.0906	-0	0	-0	-0.0349	0	0	0	-0	-0.00868	-0	-0	-0	-0	-0	0.08	-0	0	-0	-0.2	-0	-0.00477	-0	-0	0	0.0408	0	-0	-0	-0.117	-0	0	-0.0951	-0	0	-0	-0	-0	0	-0.105	0	-0	0	0.0288	-0	0	-0.124	-0	-0	-0	-0.0523	-0	-0	-0	-0	-0.0651	-0	0	-0	0.00486	-0	-0.112	-0	-0	0.00222	-0	-0	-0	0	-0	-0	0.0349	-0.0782	-0	0	0	0	0.0622	-0	-0	-0.0325	0	-0	-0	-0	-0	-0	-0.00248	-0	-0	-0	-0.123	-0.0397	-0	-0	-0	0.017	0	0	-0	-0.0506	-0	0	-0	0	-0	0.0166	-0	-0	-0.0805	-0	0	-0	0	-0.0434	-0	-0.0559	-0	-0	-0	0	-0.0346	-0	-0	0	-0	0	-0.0204	-0.0405	0	-0	-0	-0	-0	-0.00165	0	-0	-0	-0	-0.0734	0	-0	-0	-0.0496	-0	0	-0.0412	0	-0	-0	-0	0.00662	-0	0.0143	0	-0	0	-0	0.00208	0	-0.00343	0	0	0	-0	-0.0326	-0	-0	-0	-0	-0.0205	-0	0	0	0	-0.048	-0	-0.206	-0	-0	-0	0	0.00115	0	-0	0	0.0725	-0	0	-0	0.0174	-0	-0	0.0409	-0	-0	-0	-0.0488	-0	-0	0	0.0818	0	0	-0	-0	-0	-0.0953	-0.215	-0	-0	0	-0	-0	-0	-0.191	-0	-0.148	0	-0	-0	0	-0.025	-0	0	0.045	0	0	-0	-0	-0.0462	-0	-0	0	-0	-0.0317	-0	-0.0838	-0	-0	0	0.0529	-0	0	-0.039	0	0	-0	-0	-0.128	-0	0	-0	-0	-0	-0.241	0.0201	-0	-0	0	-0	-0	0.0103	0	0	-0	-0	-0.0271	-0	-0.103	0	-0	-0	-0.0577	-0	-0	-0.0767	-0	0	-0	-0	-0.223	-0	-0	0.036	0	-0	-0	-0	-0.61	-0	-0	-0.543	-0	-0	-0	-0	-0	-0	-0.552	-0	-0.149	-0	-0	-0.393	-0	0	-0	-0	-0.417	-0	0	-0.126	0	-0	0	-0.9	-0	-0	-0	-0	-0	0.335	-0	-0	-0	0.308	-0	-0	0.286	-0	-0	-0	-0	2.13	-0	-0	-0	-0	0.215	-0	1.81	-0	0	-0	0.989	-0	-0	-0	1.75	-0	-0	-0	-0	0.331	-0	-0	1.27	-0	-0	-0	-0	1.96	-0	2.11	-0	-0	-0	-0	0.685	-0	0	-0	-0	0.631	-0	-0	-0	-0	1.82	-0	-0	-0	1.57	-0	0.956	-0	-0	-0	-0	-0	0.639	1.98	-0	-0	-0	-0	-0	-1.1	-0	0	-0.871	-0	-0	-0.407	-0	-0	-0	-0	-0.827	-0	0	-0	-0.513	-0	-0	-0	-0	-0.611	-0	0	-0.558	-0	-0	-0	-0	-0	-0.267	-0.335	-0	-0	-0	-0.401	-0	-0	-0	0	-0	-0.0721	-0	-0.146	-0	-0	-0	-0.465	-0	-0	-0	-0.0128	-0	-0	-0	0.114	0	0	0	0	-0.136	-0	-0	-0	0.0706	-0	-0	0	0	0	-0.192	0.0204	-0	0	0	0.0283	-0	0	-0	0	-0	-0.072	0	-0	0	0	0.049	0	-0.0868	0	-0	0.00629	0	-0	0	-0.097	-0	-0	-0	0	0	0	0.0149	-0.027	-0	0	-0	-0	-0.127	-0	0	0	-0.1	-0	-0	0	0	-0	-0.0712	-0.126	-0	0	0	-0	-0	0	-0.179	-0	0	-0.0628	-0	0.00379	0	0	0	-0.0551	-0	-0	0	-0	-0.0759	0	-0	-0.0778	-0	0	0	0	0	-0	-0.0918	-0	-0.0772	-0	-0	0	0	-0	-0.0705	0	-0	0	-0.0217	0	0.024	0	-0	-0	-0	-0.0558	0	0	0	-0	-0.0817	0	-0	0	-0.0117	0	-0	-0.138	-0	-0.0123	0	0	-0	-0.0129	-0	-0	0	0	-0.0219	-0	0	-0.102	-0	0	-0	-0	-0	-0.123	-0	0	0	0	-0.181	-0	-0.25	-0	0	-0	-0	-0	-0.221	0	-0	0	0.023	0	-0	0	-0.0767	-0.056	0	0	0	-0	-0	-0	-0.0363	0	0	0	-0.196	-0.205	-0	-0	-0	-0	-0.0829	-0	0	-0	-0	0	-0.3	0	-0.23	-0	0	-0	0	0	-0.306	0	-0.112	-0	-0	0	0	0.115	0	0	0	-0.177	-0	-0	-0	0.0636	0	-0	0.105	-0	-0	-0	-0.19	0	-0	0	-0	0	-0.082	0	0.0269	-0	0	-0.0353	-0	-0	-0	-0.158	0	0	0	0	-0	-0	-0.086	0	0	-0.00242	-0	0.17	-0	-0	-0	-0	0	-0.0502	0	-0.0202	0	-0	-0	-0	-0	-0.109	0	-0	0	-0.0126	-0	-0.00814	-0	-0	0	0.0258	0	0	0	0	-0	-0.0298	-0	-0.0503	0	-0	0	0	0	0	0	0	0	0	0	0	0	0	0
5	TGCATCATAGGTTAGTAAGAGTTATAAATCTTCGATCCCTAAGTGTGGTGCACTACTCGGTCGACCTCGCATTGACACAACGCGAGAGTCGCCAGTAGAGGGCAGAAGCCGGCACTTTTGACCTCTTCTATAGAAGGTAGACCGTGAGATCGCGCCCGAAGGGGCCCGACGGTCTCCAAGGTGGAACGTATTAGGTAATC	0	0	0	0	0	0	0	0.00186	0	0.00218	-0	-0	0.00587	0	-0	0	-0	0	-0.00275	-0	-0	-0.00151	0	-0	0.00163	0	0	0	0	0	-0.00166	0	0.0021	0	-0	0	0	0	0	0.00471	-0	0	0	0.00125	0	-0	-0.00333	0	0	0	0.00104	-0	0.00618	0	-0	0	-0	0	0	0.00348	0	-0	0.00933	0	0.00472	-0	-0	0	0.0185	0	0	0	-0	-0	-0	0.00179	0.0264	0	0	0	-0	0	-0	0.00678	0	0	-0.0198	0	0	0	0.00767	0	0.0116	-0	-0	0	-0	0	0.0195	0	-0.0086	-0	-0	-0	-0.00448	0	0	-0	0.0163	0	0	0	-0	-0	0.0185	0	0	0.0433	-0	-0	0	0	0.0134	-0	0	-0	0.00282	0	-0	0.0136	0	0	0	0	-0	0.0263	0.00358	0	0	-0	0	-0	0.00418	0	-0	-0.00196	-0	0	0	0.0269	0	-0	0	0.0168	-0	0	0	0	0.0159	0	0.0149	-0	-0	0	0.00864	0	0	-0	0	0	0	0.0449	0	-0	0.0175	-0	-0	-0	-0	0.00533	0	0	0.0161	0	-0	-0	0	0.0289	0	-0	0	0.0129	0	0	-1.58e-06	-0	0	0	0	0.0147	0	0.0228	0	0	-0.00871	-0	-0	-0	-0	0.0389	0	-0	-0	-0	-0.00871	0	0.012	0	0	-0	0	0.0496	-0	0	-0	-0	-0.00299	0	0	0.0594	0	0	-0	-0	-0	0.0235	-0	-0	-0	0.0283	-0	0	0.0148	-0	-0	-0.014	-0	-0	-0	-0	0	0.00796	-0.00908	-0	0	-0	0	0.0137	0	0	-0	0.0138	-0	-0	0	-0	0.00892	-0	-0	0.0238	-0	-0	0	-0	-0	0.0511	0	-0.00371	-0	-0	0.00973	0	0	0	-0	-0	0.0128	0	0	0	-0.000718	-0	0	0	-0	0.0424	0.00101	-0	0	0	0	0.0138	-0	-0	0.0462	-0	0	-0	-0	-0.0795	-0	-0	-0.0557	-0	-0	-0	-0.096	-0	0	-0	-0	-0.0673	-0	-0	-0	-0	0	-0.0717	-0	-0.0462	-0	-0	0	0	0	0.0748	-0.18	-0	-0	-0	-0	0	0	-0.139	-0.116	-0	0	-0	-0	-0	-0	-0.152	-0	-0	0.472	-0	-0	0.0237	-0	-0	-0	0	-0	0.322	-0	0.185	-0	-0	-0	0.4	-0	-0	0.0347	-0	-0	-0	-0	0	-0	0.115	-0	-0	0.439	-0	0.421	-0	-0	-0	-0	-0	-0	0.22	0.079	-0	-0	-0	-0	-0	-0	0.266	-0	-0	-0	0.286	-0	-0	-0	0.25	-0	0.098	-0	-0	0.452	-0	-0	-0	-0	-0	-0	0.0547	0.16	-0	-0	-0	0.023	-0	-0	0	-0	-0	-0	0.053	-0	-0.117	-0	-0	-0	-0.00437	-0	-0	0	-0	-0	-0.0679	-0	-0	-0	-0.0726	-0	-0.0612	-0	-0	-0.0386	-0	-0	-0	-0	-0.0169	-0	-0	-0	-0	0.0236	-0	-0	-0	-0.0293	-0	-0	-0	-0.0373	-0	-0	-0	0.0382	0	-0	-0	0	0.0591	-0.0188	0	-0	-0	-0	0.00721	-0	0	0	-0.0112	0	-0	-0	-0	0.0747	-0	0	0.111	-0	-0	-0	-0	0.032	0	-0	-0	-0.0415	-0	-0	0.0952	-0	-0	-0	-0	-0.0234	0	-0.00259	-0	-0	0	-0	0	0.0454	0	-0.00115	0	-0	-0	-0	-0	-0	0.061	0.0515	-0	-0	-0	0.0146	0	-0	0	-0	-0	0	0.0219	-0	-0	-0	0.0322	0	0	0.0194	0	0.0236	0	0	-0	-0	-0	-0	0.0419	0.0589	-0	-0	-0	-0	0.00644	-0	-0	0	0.0156	-0	0	-0	0	-0	-0.0115	0	-0	-0.00172	0	-0	-0	0	0.0207	0.0144	0	-0	0	-0	-0	0	0.0132	0.0317	0	0	0	-0	-0	0.0158	0	0	0.0104	-0	0	0	0	0	-0.0232	-0	0.0135	0	-0	-0	-0	-0	0.056	0	0.0303	-0	-0	-0	0.0442	-0	-0	0	0.0557	-0	-0	-0	-0	0	0.0251	-0.00318	0	-0	-0	0.0111	0	0	-0	0	-0	-0	0.00853	-0	0	-0	0.0173	-0	-0	0	0.0372	0	-0	0	0.0708	-0	-0.0294	-0	0	-0	0.00726	-0	-0	0	0.00477	-0	-0	-0	-0	-0	0.0151	0.0252	-0	0	-0	0	-0.00278	-0	-0	0	0	0	0.00638	-0	-0	-0	-0.00657	0	-0	-0.0125	0	0	-0.00818	-0	-0	-0	0	0.00915	-0	-0	0.00808	-0	-0	0	-0.0142	-0	-0	-0.0271	-0	-0	-0	0.0202	0	0	0	-0	-0	0	0.00715	0	-0	-0	0.00754	0	0	0.0156	0	-0	0	-0	0.00984	-0	-0	0	-0.0158	0.00325	-0	0	-0	-0.000238	0	-0	0	0	-0.00844	-0	-0	-0	0	0	0.0117	0	-0	0.00216	-0	0.00706	0	0	0	0	-0	-0.00476	-0	-0	0	0.00395	0	0.00525	0	0	-0	0	-0	-0	0.000807	-0	-0	-0	-0.00364	-0	-0	0.00295	0	0.00287	-0	0	-0	0	0	0	0	0	0	0	0	0	0	0	0
6	GCCGTGTATAGGCCTCCGATCGTGCGGTTCTGCCCTCTACTGGCGAAAGGGGCATTTGCTATTCCAATCGCATAGATTACCAAATAAAAAACGAAAGAAGGCCGTCCTTGCAAAGCTTAGTCCTTAAACTGAGATGCTTGGCGACCGGCCATAAGCTCCACTCGCTTGAGCACATCACCAAGAATCAAAGTAGCAAACCC	0	0	0	0	0	0.00191	0	0	0	0.00396	-0	-0	0	0	-0	0.00576	-0	0	-0.000237	-0	-0	-0	0	-0.00492	0	0	-0.00339	0	0.00705	0	0	0	-0	-0	-0.00234	-0	0.00687	0	0	0	-0	-0	0	0.00598	0	0	-0	0.00521	0	0.0123	0	-0	0	-0.012	0	0	-0	0	0.00704	0	0	0.00926	-0	-0	0	0.0108	0	-0	-0	-0	-0	-0.00928	-0.0178	-0	-0	-0	-0	-0	-0.0486	-0	-0	-0.0922	-0	-0	-0	-0	-0	-0.0695	-0	-0	-0.0768	-0	-0	-0	0	-0.0849	-0	-0.0222	-0	-0	0	0	-0	0.0361	-0	-0	-0	-0.131	-0	-0	0.0673	-0	-0	-0	0.0726	-0	-0	0.0639	-0	-0	-0	-0	0.354	-0	-0	-0	-0	0.0774	-0	0.35	-0	0	-0	0.171	-0	-0	-0	0.298	-0	-0	-0	-0	0.0983	-0	-0	0.26	-0	-0	-0	-0	0.424	-0	0.313	-0	-0	-0	-0	0.214	-0	0	-0	-0	0.0785	-0	-0	-0	-0	0.345	-0	-0	-0	0.271	-0	0.213	-0	-0	-0	-0	-0	0.16	0.396	-0	-0	-0	-0.121	-0	-0	-0	0.0972	-0	-0	-0	-0	-0	-0	0.0181	-0	-0	-0	0.0836	-0	-0	-0	-0.0855	-0	0	-0	0.0456	0	-0.0667	-0	-0	-0.0605	-0	-0	-0	-0	-0	-0.142	-0	-0	-0	-0.0467	-0	0	0	0.011	0	-0	-0	-0	0.0322	-0	-0.0156	-0	-0	0	-0	0.028	0	0.0188	0	0	0	0	0	-0.00293	-0	0	0	-0.00694	0	-0	0.0174	0	-0	-0	-0.00196	-0	0	0.00345	0	0	0	0.00578	-0	0	0	0	0	0.0217	0	-0	0.00644	-0	-0	0	-0	-0	0.0339	-0	0.0386	0	-0	0.0397	0	-0	0	-0	0	0.0345	-0	0.0196	0	0	0	0	0	0	0.0259	0.0248	0	0	0	-0	-0	0.00606	0	0	0	0.0216	0	-0.00227	0	0	-0	0	0.00752	-0	-0	-0	0.00513	-0	0	0.0203	-0	-0	-0	-0.0322	0	0	-0	0.0297	0	-0	0	-0	-0	0.000396	-0	0.0317	0	-0	0	-0.00282	0	0	-0	0.0111	0	-0	0	-0.0125	-0	0	0	0.0395	0	-0	0	0.0107	0	0	0	0	0.0022	0	0	-0	0	0	0.0362	0.0473	0	-0	0	0.000187	0	-0	0	0.0062	0	0	-0	-0	-0	0	0.0442	0.0403	0	-0	-0	0.0156	0	0	-0	0	-0	0	0.0209	-0	-0	0	0.0236	0	-0.00399	-0	-0	-0	0.0115	0	-0	0	0	0	0.00702	-0	-0	0.0189	-0	0	0.0367	-0	-0	0	0.00612	0	0	0	-0	0.00875	0	-0	0	0.00667	0	0	0	-0	0.0346	-0	0.0462	0	0	0.000313	-0	-0	-0	0.00807	-0	0	-0	0.00737	0	-0	-0	-0	0	0	0.0227	0	0.00892	0	0	0	-0	-0.0118	0	0	-0	0.00363	0	-0.0177	0	0	-0	0	0	0	0.00321	-0	-0	0.00557	0	-0	0.00246	0	0	-0	-0.00161	0	0	0	0	0.0269	-0	0	-0	0.0154	-0	0.00236	0	-0	0	0.0313	0	-0	-0	0.0333	-0	0	0	-0	0.021	0	-0	0	-0	-0.0194	0	0	-0	0	-0.00193	0.044	0	-0	0	-0	-0	0	0.0297	0.0206	0	-0	-0	0	0	0.0307	-0	0	0	-0	0.0357	0	0.0284	0	0	0	0	-0.00142	0	0	0	0.0468	0	0	-0	0	0.00437	-0	0	-0	0.0344	0	0.0209	-0	-0	-0	0	0	0.032	0.0145	-0	0	0	-0	0.0157	-0	0	0	0.0148	0	-0	0	0	0	0.0295	-0	-0	0	0.0246	0	0.0157	0	0	0	0.0155	0	0	0.0263	0	0	0	-0	-0	0.0361	0	0.022	0	-0	0	0.0242	0	0	0	0	-0	0	0.00672	-0	-0.00122	0	0	0	0	-0.000256	-0	0	0.0336	0	0	0	0.027	0	0	0.00278	-0	-0	0	0	0.0346	-0	-0	-0	0	0.0157	0	-0	0.0213	-0	-0	0	-0	-0	0.0161	0	-0.0228	0	0	0	0	0.0226	0	-0	-0	0.012	0	0	-0	-0	-0.00718	0.00289	0	0	-0	-0	-0	0	0.0242	-0	0.00654	0	-0	0.0248	-0	-0	0	-0	-0.00458	0	-0	0.00626	-0	-0	0	-0	0	0.0146	0	0	0.00742	-0	-0	0.0139	0	-0	-0	0	0.0122	-0	-0	-0	-0.0103	-0	0	0.006	0	0	0	0.00654	0	0	0	-0	-0	0	-0.00141	-0.00841	-0	-0	0	0.00221	0	-0	-0	-0	0	0.00669	0	-0	-0.021	0	-0	0.000589	-0	0	0	0.00514	0	0	-0	0.00516	-0	-0	0	-0	-0	-0	-0.0184	-0	-0	-0.0106	-0	0.00329	0	-0	-0	0	0	0	-0.0031	-0	-0.00769	-0	0	-0.00103	-0	-0	-0	-0.00225	-0	-0	0	-0.00133	0	-0	-0	0	0	0	0	0	0	0	0	0	0	0	0
7	TGTCCGCTCTGCAGACGTCCGGGATCTACGTTGGTGTTCTCTCTAGTAACAGTACGGCAGTTCTTTTTCGGTCCGAAGCGAATCCCACCCGCCAAGGTTACATAAGCATTATCTGAAGGCAACCATACGAACTCTCATTGGCTCGCCAGTAGAGGGCAGAAGGACATCGTGTCATAGCACATGCCCACAGAGGAGATTCG	0	-0	0.00111	0	0	0	0	8.94e-05	0	-0	0.0105	0	-0	-0.0136	-0	-0	-0	-0.0152	0	-0	-0	-0	-0	0.00328	-0	-0.00866	-0	-0	0	0	-0.00111	-0	-0	-0.0133	0	-0	-0	-0	0.025	-0	-0	-0	-0	-0.0194	0	-0.00395	0	0	-0.00034	-0	-0	0	-0	-0	0	0.0248	0.00347	0	-0	-0	0	-0.0221	0	0	-0	0	-0	-0.0667	0	-0	0.0111	0	-0	-0.0702	0	0	-0	-0.0273	-0	0	-0	0	0	0.0262	0	0	-0	-0.0425	0	-0	0	-0.0765	-0.0466	-0	-0	-0	-0	0	0.0272	-0	-0	-0.0495	-0	-0	-0	-0	0.000202	0	-0.0274	-0	-0	-0	0	0.0138	0	0	0	-0	0	-0.0675	-0	0	-0.0292	-0	0	-0	-0.03	0	-0	0	0	-0.0419	0	-0	0	-0.0525	0	0	-0.0111	-0	0	-0	-0	-0.0301	-0	-0	0.00715	-0	0	-0	-0.0804	-0	-0	-0.0822	0	-0	-0	-0	-0.0411	0	0	-0.0215	0	0	0	-0	-0.0261	-0	0	-0.0154	0	-0	-0	-0	-0.0167	0	-0.0612	-0	-0	-0	-0	-0	0	-0.0712	-0	-0	0.0222	0	-0.0241	-0	-0	-0	0.0225	0	0	0	0	-0.0486	-0	-0	-0.129	-0	-0	-0	-0	-0	-0	-0.0562	0	0	-0.0244	-0	-0.0042	-0	0	-0	-0	-0.0609	-0	0	-0	-0	-0	-0.111	0	-0	-0	0.0217	-0	-0.0236	0	0	0.0161	0	0	0	-0	0	0	-0.00962	0	-0	-0.0115	-0	-0	-0	0.0144	-0	0	-0.013	-0	-0	-0	-0	-0.0142	-0	-0	0	-0.0404	-0	-0	-0	-0.032	-0	0	-0	-0.0408	-0	0	0	-0.00784	0	-0	-0.011	0	-0	0	0	0	0.0417	0	-0	0	-0.0463	-0	0	-0.00285	0	0	-0.0108	-0	0	0	-0.0665	0	-0	0	0	0	-0.0737	-0.0211	0	0	0	-0.0414	-0	-0	-0	0	-0	0	-0.041	-0	-0.0434	-0	0	-0	0	-0	-0.0983	-0.0406	-0	-0	-0	0.00151	0	-0	-0	-0	0	-0.0533	-0	0	-0.0722	0	-0	0	-0.0285	0	0	-0	-0.0565	0	0	0.0307	0	0	0	0	7.72e-05	-0	-0	0	0.00155	0	0	0	-0.00106	-0	0	0	0	-0	-0.0371	0	-0.0414	0	0	0	-0.0806	-0	-0	-0.0384	-0	0	0	-0.0135	-0	-0	-0	0	0	0	-0.0235	-0	-0	0	0.00207	-0	0	-0.0284	-0	0	-0	-0.0343	-0	-0.0589	-0	0	-0	-0	-0.00123	-0	-0	-0.0604	-0	0	-0	0	0	-0.00168	-0	-0.0546	0	0	-0	-0.00984	-0	0	0	0	0	-0	-0.0721	0	0.0257	0	0	-0.00344	-0	-0	-0	-0	-0	0.0111	-0	-0	-0	-0.0334	0	0.00716	0	0	-0	-0	-0	-0.0441	0	-0	-0.0256	-0	-0	0	0	-0.00746	0	-0	-0	-0	-0.025	-0.0496	0	0	0	-0.0197	-0	0	0	0	-0	-0	0.0123	-0	-0	0	-0.0867	-0	-0.00251	0	-0	-0.0293	0	-0	-0	-0.0663	-0	-0	-0	-0	-0.0198	0	-0	0	-0.00251	-0	-0	0.0154	-0	0	0	-0	-0	-0.0195	-0	0.0199	-0	-0	0	-0	-0.0724	-0	-0	-0	-0	-0	-0.0853	-0.0343	-0	0	0	0.0687	0	0	-0	-0	-0.412	-0	-0	-0	-0	-0.0711	-0	-0	-0.152	0	-0	-0	-0	-0.203	-0	-0	-0.331	0	-0	-0.51	-0	-0	-0	-0	0	0.0525	0	-0	-0	-0.6	-0	-0	0	-0	-0.682	-0	-0	-0	-0.743	-0	-0.124	-0	-0	-0	-0	1.34	-0	-0	0.364	-0	-0	-0	-0	-0	1.15	-0	0.696	-0	-0	-0	1.34	-0	-0	0.256	-0	-0	-0	-0	-0	-0	0.313	-0	-0	1.62	-0	1.39	-0	-0	-0	-0	-0	-0	0.82	0.197	-0	-0	-0	-0	-0	-0	0.835	-0	-0	-0	1.18	-0	-0	-0	0.884	-0	0.446	-0	-0	1.59	-0	-0	-0	-0	-0	-0	0.178	0.65	-0	-0	-0	0.0486	-0	-0	-0	-0	-0	-0	-0.012	-0	-0	-0	-0.189	-0.555	-0	-0	-0	0	-0.304	-0	-0	-0.389	-0	-0	-0	0	-0	-0.414	-0	-0	-0.433	-0	-0	-0	-0	-0	-0.143	-0	-0	-0.0685	-0	-0	-0	-0	-0.141	-0	-0	-0.0893	-0	0	-0.105	-0	0	0.0508	0	0	-0	0	0	-0.0964	-0	0.0642	-0	0	0	-0	-0	0	-0.0675	0	0.00251	0	0	-0.0475	0	-0	-0	0	-0.0809	0	-0	-0.0878	-0	0	-0	0	0	0.0621	0	-0	-0	0	-0.0388	0	0.034	0	0	0	-0.0961	-0	0	0	0.00313	-0	-0	-0.0373	0	-0	-0	-0	-0.0632	0	0	-0.0142	0	-0	0	0	-0	-0	-0.0708	-0.14	0	-0	0	-0	-0	-0	-0.0985	0	0	0	0.0477	0.0834	0	-0	-0	-0	0	-0	0.0239	0	0	0	0	0	0	0	0	0	0	0	0	0	0	0	0	0	0	0	0
8	CCGGTCTCAATAGCCGAACGAGGATCGACTGGTAGGCGTGTCGGGTGTGTGTGGACCGGCTTTGGAAGAACCACACTTCTCTGGCCCTCAATTGGCCAAAAGTCATCTTAAGGATCGGTTGGCCGGCAGCCCCTCGTGACTACGATAACCCCAGGTTCTGCCCTCTACTGGCGACCTTGACAGAGCACTTACCCACTGTA	0	0.0317	0	0	0	0.0108	0	0	0	0	-0	-0.0309	-0	-0	0	-0.0306	-0	-0	-0.0107	-0	-0	-0.037	0	-0	0	0	-0.0299	0	0	-0.0382	0	0	-0.0219	-0	0	0	-0.0594	0	0	-0	0	-0	-0.056	-0	0.025	0	0	-0	-0	-0	0	0.0769	0	-0.0571	-0	0	0	-0.00945	0	0	0	-0	0	-0.144	0.0314	0	0	0	-0.0462	-0	-0	-0	0	-0.0709	0	-0	0	-0	0	0.0211	-0.126	0	0	-0	0	0	-0	0.0333	-0	-0	-0	-0.0915	0.11	-0	0	-0	0	-0	-0.0967	0	-0	-0.0336	0	0	0	0	0	-0.0662	0.216	0	0	0	-0	-0.141	0	0	0	0	0.00446	0	0	-0	0	0.142	-0	-0	0	-0.195	-0	-0	-0.065	0	0.0272	0	0	0	0	0	-0	-0.063	0	0	0	-0.0668	-0	-0.0488	-0	0	0	-0	0	-0.0672	0	0	0.00135	-0	-0	-0	0	0.0106	-0	-0	-0.0552	-0	0	-0.0221	0	0	0	0	-0	-0.0915	0	0	0	0.0107	-0	-0	-0	-0.0537	-0	-0	-0.00532	-0	0	-0	0	-0.0652	-0	-0	-0.0193	0	-0	-0	-0	-0.0458	-0	-0	-0.0486	-0	-0	-0	0	-0.21	0	-0	0.0296	0	-0	-0	-0	-0.15	0	0	-0	0.11	-0.0961	-0	0	-0	-0	-0.0527	0	0	-0	-0.0232	-0	-0	-0	-0	0	0.052	-0	-0	0	-0.143	-0	0.0551	-0	-0	-0	-0	-0.0655	-0	0	-0	-0.232	-0	-0	-0	0.156	0	0	0	-0	-0.0137	-0	-0	0	0.0036	0.125	-0	-0	-0	-0.0375	0	-0	-0	-0	-0	-0	-0.0506	-0.128	-0	0	0	-0.0541	0	-0	-0	0	0.0491	-0	-0	0	-0.154	-0	-0	-0.047	-0	0	-0	-0	-0.0698	-0	-0	-0.176	0	-0	-0	-0	-0.122	-0	-0	-0	-0	0.0809	0	-0	0	-0.0762	-0	-0	-0.172	-0	-0	-0	-0	-0.0239	-0	-0	-0.0919	0	-0	-0	0	0.0268	-0	-0	0	0	-0.206	-0	-0	-0	0.264	-0	0.423	-0	-0	-0	0.103	-0	-0	0	0.24	-0	-0	-0	-0	0.0203	0	-0	0.0978	0	-0	-0.125	-0	0	-0	0.269	-0	-0	-0	0	0	-0.53	-0	-0	-0	0.284	0	-0	-0	-0	0.544	-0	-0	-0	0.399	-0	0.399	-0	-0	0	-0.507	-0	0	0.0211	-0	-0	-0	0.215	-0	0	-0	-0.024	0	-0	-0	-0.0974	-0	-0	-0	-0	-0	-0	-0.147	0	-0	-0.0903	-0	-0	-0.0594	-0	-0	-0.153	-0	0	-0	0	0	-0.0101	-0	-0	-0.442	-0	-0	-0	-0	-0.127	-0	0	0	0.105	-0	-0.158	-0	-0	-0	-0.184	-0	-0	-0	-0	-0	-0	-0.101	0	-0	-0	-0.0831	-0.0905	-0	0	0	-0	-0	-0.0925	0	0	-0.131	-0	0	-0	-0	0	-0.136	-0	0	0	0.0118	-0	0	-0.0684	-0	0	-0	-0.0481	0	-0	-0	0	-0.133	-0	0	-0	0.0496	-0	-0.0849	0	-0	0	0.0265	-0	0	0	0	-0	-0.0169	-0	0	-0	0.00163	-0	0.0374	-0	-0	-0.0421	-0	-0	-0	0	-0	0	0.0372	0	-0.138	-0	-0	-0	0.0364	0	0	-0	0.0029	0	-0	0	-0.031	0	-0	0	-0	-0.041	-0	-0	0.0243	-0	-0	0	-0	0	0.0453	0	0	-0.0784	0	0	-0	0	-0.0745	-0.13	-0	0	-0	-0	-0.0627	0	-0	-0	-0	-0.202	-0	0.0503	-0	0	-0	-0	-0.124	-0	-0	-0	-0	0	-0.0516	-0.0744	-0	0	-0	0	-0	-0.201	-0	0.0293	-0	0	-0	-0.271	-0	-0	-0	-0	-0.526	-0	-0	-0	-0.351	-0	-0	-0	-0.348	-0	-0	-0	-0.426	0	-0	-0.63	-0	-0	-0	-0	0	-0	-0.0314	-0	-0	-0	-0.647	-0	-0	0.325	-0	-0	-0	0.261	-0	-0	0.356	-0	-0	-0	-0	1.89	-0	-0	-0	-0	0.191	-0	1.86	-0	0	-0	1.02	-0	-0	-0	1.5	-0	0	-0	-0	0.183	-0	-0	1.08	-0	-0	-0	-0	1.45	-0	1.98	-0	-0	-0	-0	0.481	-0	0	-0	-0	0.555	-0	-0	-0	-0	1.38	-0	-0	-0	1.32	-0	0.585	-0	-0	-0	-0	-0	0.65	1.35	-0	-0	-0	-0	-0.602	-0	-0	0	-0.64	-0	-0	-0	-0	-0.685	-0	-0	-0	-0.585	0	-0	-0	-0	-0.532	-0.368	0	-0	-0	0	-0.32	-0	-0	-0.272	-0	-0	-0	-0	-0	-0	-0.624	-0.415	-0	-0	-0	0	-0	-0	-0.0797	-0	-0.222	-0	-0	-0.275	-0	-0	-0	-0	-0.0788	0	-0	-0	-0	0.0241	-0	0	0	-0.0621	-0	-0.0555	0	-0	0	-0	-0.14	-0	0	-0	-0.0614	-0	0	0	-0.0601	0	0	0.0581	0	-0	0	0	-0.0132	0	-0	-0	0	-0.00646	0	0	0	0	0	0	0	0	0	0	0	0	0
9	AAAAGAGTAGTGATGAGTTAGAAAGAATTTAAGGGACATCCTCTTGATTTGGACGGCTATCCCCAGGAAATCGTAGGCGGGGGTGCACATGGATATCTTTAGGTATTAATTCCCCCATTCCCTCTTCGTTCTGCCCTCTACTGGCGAATGTTGCTCGCAATACTACAGCCTCCTCAATACAGGTAGGGTATTTTACATAT	0	0	0	0	0.00392	0	0	0	0.002	0	-0	0	0.00186	0	-0	-0	-0	0	0	-0.00785	-0.0037	-0	-0	-0	-0	0	-0	-0.00354	0	-0	0.00232	-0	-0.00336	-0	-0	0	0	0	0	0.006	-0	-0	0.00185	0	0	-0	-0	0.00509	0.00466	0	0	0	-0	-0	0.0006	0	-0	0	0	0.0028	0.00481	-0	0	-0	-0	0	0	-0.00794	0	0	-0.00429	0	-0	-0	-0.01	-0	0.00401	0	0	-0	0	0	0	0.0187	0.00666	0	-0	-0	0.00608	0	0	0	0.00771	0	0	0	-0	0	0	0.0067	0.00643	-0	-0	0	0.0125	0	0	0	-0	0	0.00426	-0	-0	-0	0.0166	0	0	-0	-0.00826	-0	0.00295	0	0	-0	0.000179	0	-0	-0	-0	-0	-0	-0.00583	-0	-0	0	-0.0023	-0	-0	-0	-0.00973	0.0108	0	-0	0	-0	-0.0126	-0	-0	-0.00213	-0	0	0	-0	0	0.00873	0	0	0.00672	-0	0	0	-0.00497	0	0	-0	0	0.0228	-0	-0	0.0268	0	-0	-0	0	0.0109	-0	-0	-0	0.0028	0	-0	-0	-0	0.00289	0.00262	0	-0	-0	-0	-0	0.0345	0	-0	-0	-0.0368	-0	-0	-0	0.00237	-0	-0	0	0	0.00695	-0	-0	0	0.019	-0.0499	-0	-0	-0	-0	0.0283	-0	-0	-0	0	0	0.0656	-0	-0	-0	-0.00317	0	0.108	0	-0	-0	-0	0.0208	-0	-0.0817	0	-0	0	-0	-0	0.0995	-0	0	0.00634	-0	-0	-0	0.07	-0	0	-0	0.00797	-0	-0	-0	0.0887	-0	0	0.00436	-0	-0	0	-0	0	-0	0.0846	-0	0	0	0.0186	0.125	-0	-0	-0	-0.0627	0	-0	-0	0.0275	-0	0	-0	-0	-0	-0.0567	0	-0	0.0142	-0	0	-0	-0	-0	0.0172	-0	0	-0.0231	-0	0.0761	-0	-0	0	-0	-0	-0	0.0206	0	0	-0	-0.00836	0	0.0234	-0	-0	0	0	-0	0.0309	-0	-0	0	0.0121	-0	0	-0	0.0296	0	-0	0	-0.00762	0	-0	0	0.0167	-0	-0	-0.00401	-0	0	0	-0	0.00609	-0	-0.00462	0	-0	-0.00744	0	-0	0	-0	-0.00578	0	0	0.0355	-0	-0	0	0	0	0.0259	0	-0	-0	0	0.0245	-0	-0	-0	0.0258	0.0263	0	0	-0	0	0	0.0301	0	0.00274	0	0	-0	-0	-0	-0.00436	0	-0	0.0266	-0	-0	0	0	0.00933	0	-0	-0	0.0125	-0	-0	0	-0.00612	-0	0.00191	-0	-0	0	-0	-0	-0	-0.0215	-0	-0	-0	-0.0119	-0	-0	0.00688	-0	-0.00888	-0	0	-0	-0	-0	0.00532	0	0	0	0.0065	0	0.025	-0	-0	-0	-0.000203	0	0	0	0	0	0.0114	0	0	-0	-0.00189	0	0	0.0108	-0	-0	-0	-0.0161	-0	-0	-0	0.0307	-0	0	0	-0.0076	0	0	0	-0.000573	-0	0	0.00808	0	0	-0	0	0	0.0349	0	-0	-0	-0.0205	-0	0	-0.00143	-0	-0	-0	-0.111	-0	-0	-0	-0.134	0	-0	-0	-0	-0.0176	-0	-0	0.00192	-0	-0	-0	-0	0.0493	-0	-0	-0	-0.0616	-0	-0	0.0815	-0	0	-0	-0	-0	-0.152	-0	-0	0.112	-0	-0	-0	0.1	-0	-0	0.12	-0	-0	-0	-0	0.499	-0	-0	-0	-0	0.0973	-0	0.497	-0	0	-0	0.187	-0	-0	-0	0.381	-0	-0	-0	-0	0.157	-0	-0	0.353	-0	-0	-0	-0	0.492	-0	0.457	-0	-0	-0	-0	0.277	-0	0	-0	-0	0.0873	-0	-0	-0	-0	0.42	-0	-0	-0	0.346	-0	0.215	-0	-0	-0	-0	-0	0.177	0.483	-0	-0	-0	-0.182	-0	-0	-0	0	-0	-0.131	-0	-0	-0	-0	0.0253	-0	-0	-0.0946	0	-0	-0	-0.117	-0	-0	-0	-0	0.0229	0	-0.0475	-0	-0	-0	-0	-0.0701	-0	-0	-0.109	-0	-0	-0	-0	-0	0.00333	0	0.00337	0	0	-0.00551	0	-0	0	-0.0481	-0	-0	-0	0	0	-0.014	0	0.00505	0	-0	-0	0	0.0235	0	-0	0	0	0.0159	0	0.00834	-0	0	0	0	0.0367	-0	0	-0.0169	-0	0	-0	0	0	0	0.011	-0	-0.000885	-0	-0	-0	0.02	-0	0	0	0	0.00102	-0	0	-0.00817	0	-0	-0	-0.0121	0	0	0	0	-0.0109	0	0	0.00112	0	0	-0.0212	-0	0	-0	0.0105	-0	-0	0	0	0	0.00935	-0	-0.000841	-0	0	0	0	-0.0122	0	0	-0.00282	-0	0	-0	0	-0	0	-0.0248	-0	0	0	-0.0171	0	0	-0.0172	0	0.0108	-0	-0	-0	-0	0	-0	-0.0124	-0	-0	0	0.0171	0	-0	0	0.0025	0	0	-0.0158	-0	-0.0187	0	0	0	-0	0	-0.00351	0	-0	-0	-0.00297	-0	-0	-0	-0.00157	0	-0	0	0.000529	-0	0.00148	0	0	0	0	-0.000678	-0	-0	-0.00203	0	-0	0	0	0	0	0	0	0	0	0	0	0	0	0
